id;primer_nombre;segundo_nombre;primer_apellido;segundo_apellido;telefono;direccion;ciudad_residencia;cedula_ciudadania;tipo_identificacion
1;Card;transform;generating enterprise Surinam;Entrada virtual;medición Seguro Mejorado;Joyería;Fantástico Central Usabilidad;78348;CEDULA_CIUDADANIA
2;política;synthesize producto;cliente Negro Videojuegos;Galicia Auto Práctico;Bedfordshire;Auto Metal;Producto;7504;CEDULA_CIUDADANIA
3;Cambridgeshire;Hormigon;Arquitecto Negro;Dinánmico Loan facilitate;local;panel Poblado Pollo;Cambridgeshire deposit payment;52451;CEDULA_CIUDADANIA
4;Inversor;Metal synergize focus;Investment Atún Técnico;Director;Cine Chalet payment;Mesa Ensalada Loan;Ingeniero Seguridada Madera;62662;PASAPORTE
5;Gris withdrawal;Moda bypassing;evolve;HTTP Administrador;paralelismo Granito;calculating card invoice;eyeballs Interacciones;79172;PASAPORTE
6;Vía Galicia Refinado;online B2B neutral;Configurable Ngultrum;Public-key;Sabroso Especialista;Cantabria feed port;e-business Gorro;25412;PASAPORTE
7;Inteligente Berkshire;Bebes;digital;Aplicaciones;Mascotas vertical;AGP Sabroso;Metal Desarrollador Respuesta;15775;CEDULA_CIUDADANIA
8;generación Guantes;front-end IB;withdrawal Azul compress;Sudán;real;array Hogar;generación;67007;PASAPORTE
9;capacidad compressing withdrawal;Loan invoice Madera;withdrawal;Canarias;Burundi calculating initiatives;Mercado PNG;Marroquinería Uruguayo Desarrollador;89002;CEDULA_CIUDADANIA
10;Plaza Ladrillo;Librería Sorprendente;redefine Bricolaje Operaciones;Especialista;Planificador auxiliary back-end;Hormigon;copy;76091;PASAPORTE
